{"cameraMode":{"drawMode":0,"name":"Shaded","section":"Shading Mode"},"sceneLighting":true,"audioPlay":false,"sceneViewState":{"m_AlwaysRefresh":false,"showFog":true,"showSkybox":true,"showFlares":true,"showImageEffects":true,"showParticleSystems":true,"showVisualEffectGraphs":true,"m_FxEnabled":true},"in2DMode":false,"pivot":{"x":-13.322175979614258,"y":76.28032684326172,"z":18.389463424682618},"rotation":{"x":-0.7166087031364441,"y":0.04733656719326973,"z":-0.04888099431991577,"w":-0.6941614151000977},"size":11.016637802124024,"orthographic":false}