{"cameraMode":{"drawMode":0,"name":"Shaded","section":"Shading Mode"},"sceneLighting":true,"audioPlay":false,"sceneViewState":{"m_AlwaysRefresh":false,"showFog":true,"showSkybox":true,"showFlares":true,"showImageEffects":true,"showParticleSystems":true,"showVisualEffectGraphs":true,"m_FxEnabled":true},"in2DMode":false,"pivot":{"x":11.786458015441895,"y":7.4579973220825199,"z":21.27248191833496},"rotation":{"x":0.0030111127998679878,"y":0.6951243281364441,"z":0.002914589596912265,"w":-0.71888267993927},"size":1.3347108364105225,"orthographic":false}