{"cameraMode":{"drawMode":0,"name":"Shaded","section":"Shading Mode"},"sceneLighting":true,"audioPlay":false,"sceneViewState":{"m_AlwaysRefresh":false,"showFog":true,"showSkybox":true,"showFlares":true,"showImageEffects":true,"showParticleSystems":true,"showVisualEffectGraphs":true,"m_FxEnabled":true},"in2DMode":false,"pivot":{"x":31.69344711303711,"y":0.9579963684082031,"z":28.297792434692384},"rotation":{"x":-0.17721450328826905,"y":-0.15081052482128144,"z":0.027491165325045587,"w":-0.9721599817276001},"size":31.725112915039064,"orthographic":false}